<?xml version="1.0" encoding="UTF-8"?>
<ehcache name="hibernate">

    <diskStore path="java.io.tmpdir"/>

    <defaultCache
            maxEntriesLocalHeap="1000"
            eternal="false"
            timeToIdleSeconds="3600"
            timeToLiveSeconds="3600"
            overflowToDisk="false">
    </defaultCache>

    <cache name="com.sishuok.es.sys.user.entity.User"
           maxEntriesLocalHeap="2000"
           eternal="false"
           timeToIdleSeconds="3600"
           timeToLiveSeconds="3600"
           overflowToDisk="false">
    </cache>
    <cache name="com.sishuok.es.sys.user.entity.User.organizationJobs"
           maxEntriesLocalHeap="2000"
           eternal="false"
           timeToIdleSeconds="3600"
           timeToLiveSeconds="3600"
           overflowToDisk="false">
    </cache>
    <cache name="com.sishuok.es.sys.user.entity.UserOrganizationJob"
           maxEntriesLocalHeap="2000"
           eternal="false"
           timeToIdleSeconds="3600"
           timeToLiveSeconds="3600"
           overflowToDisk="false">
    </cache>
    <cache name="com.sishuok.es.sys.organization.entity.Job"
           maxEntriesLocalHeap="2000"
           eternal="false"
           timeToIdleSeconds="3600"
           timeToLiveSeconds="3600"
           overflowToDisk="false">
    </cache>
    <cache name="com.sishuok.es.sys.organization.entity.Organization"
           maxEntriesLocalHeap="2000"
           eternal="false"
           timeToIdleSeconds="3600"
           timeToLiveSeconds="3600"
           overflowToDisk="false">
    </cache>
    <cache name="com.sishuok.es.sys.permission.entity.Permission"
           maxEntriesLocalHeap="2000"
           eternal="false"
           timeToIdleSeconds="3600"
           timeToLiveSeconds="3600"
           overflowToDisk="false">
    </cache>
    <cache name="com.sishuok.es.sys.permission.entity.Role"
           maxEntriesLocalHeap="2000"
           eternal="false"
           timeToIdleSeconds="3600"
           timeToLiveSeconds="3600"
           overflowToDisk="false">
    </cache>
    <cache name="com.sishuok.es.sys.group.entity.Group"
           maxEntriesLocalHeap="2000"
           eternal="false"
           timeToIdleSeconds="3600"
           timeToLiveSeconds="3600"
           overflowToDisk="false">
    </cache>
    <cache name="com.sishuok.es.sys.resource.entity.Resource"
           maxEntriesLocalHeap="2000"
           eternal="false"
           timeToIdleSeconds="3600"
           timeToLiveSeconds="3600"
           overflowToDisk="false">
    </cache>
    <cache name="com.sishuok.es.sys.permission.entity.RoleResourcePermission"
           maxEntriesLocalHeap="2000"
           eternal="false"
           timeToIdleSeconds="3600"
           timeToLiveSeconds="3600"
           overflowToDisk="false">
    </cache>
    <cache name="com.sishuok.es.sys.permission.entity.Role.resourcePermissions"
           maxEntriesLocalHeap="2000"
           eternal="false"
           timeToIdleSeconds="3600"
           timeToLiveSeconds="3600"
           overflowToDisk="false">
    </cache>
    <cache name="com.sishuok.es.sys.auth.entity.Auth"
           maxEntriesLocalHeap="2000"
           eternal="false"
           timeToIdleSeconds="3600"
           timeToLiveSeconds="3600"
           overflowToDisk="false">
    </cache>

    <cache name="com.sishuok.es.sys.user.entity.UserOnline"
           maxEntriesLocalHeap="2000"
           eternal="false"
           timeToIdleSeconds="3600"
           timeToLiveSeconds="3600"
           overflowToDisk="false">
    </cache>
    <cache name="com.sishuok.es.sys.user.entity.UserLastOnline"
           maxEntriesLocalHeap="2000"
           eternal="false"
           timeToIdleSeconds="3600"
           timeToLiveSeconds="3600"
           overflowToDisk="false">
    </cache>


    <cache
            name="org.hibernate.cache.internal.StandardQueryCache"
            maxEntriesLocalHeap="5000"
            eternal="false"
            timeToLiveSeconds="3600"
            overflowToDisk="false"/>

    <cache
            name="org.hibernate.cache.spi.UpdateTimestampsCache"
            maxEntriesLocalHeap="5000"
            eternal="true"
            overflowToDisk="true"/>



</ehcache>
